{
  "accuracy": 0.887,
  "precision": 0.8856477928105596,
  "recall": 0.8850768207978243,
  "f1": 0.8848014141816843,
  "confusion_matrix": [
    [
      954,
      0,
      6,
      1,
      0,
      9,
      7,
      1,
      2,
      0
    ],
    [
      0,
      1110,
      2,
      3,
      0,
      2,
      3,
      0,
      15,
      0
    ],
    [
      14,
      22,
      884,
      15,
      21,
      1,
      24,
      15,
      32,
      4
    ],
    [
      3,
      4,
      30,
      880,
      1,
      41,
      1,
      25,
      19,
      6
    ],
    [
      1,
      7,
      4,
      0,
      899,
      2,
      17,
      0,
      4,
      48
    ],
    [
      20,
      6,
      6,
      56,
      19,
      706,
      32,
      12,
      27,
      8
    ],
    [
      22,
      4,
      12,
      2,
      16,
      20,
      882,
      0,
      0,
      0
    ],
    [
      6,
      29,
      28,
      2,
      9,
      0,
      0,
      902,
      3,
      49
    ],
    [
      9,
      23,
      14,
      29,
      14,
      42,
      18,
      8,
      790,
      27
    ],
    [
      12,
      10,
      6,
      9,
      57,
      12,
      0,
      33,
      7,
      863
    ]
  ]
}